gauge_id,p_mean,pet_mean,aridity,p_seasonality,frac_snow,high_prec_freq,high_prec_dur,low_prec_freq,low_prec_dur,elev_mean,slope_mean,area_gages2,geol_permeability,soil_conductivity,soil_depth_pelletier,soil_depth_statsgo,sand_frac,silt_frac,clay_frac,max_water_content,soil_porosity,carbonate_rocks_frac,frac_forest,lai_max,lai_diff,gvf_max,gvf_diff
01031500,3.2874026,2.36948,0.72077566,0.04596929089623364,0.48498634,19.7,1.112994350282486,231.9,3.6177847113884556,302.61,19.161021499999997,773.96,-14.616184634019568,1.6654440099800543,21.224097422860034,1.2284080745200001,30.12540446310027,47.51483200728002,11.203867710880052,0.5218315358699999,0.46787225709000035,0.118742623,0.639539344,3.215969887,2.448587614,0.722104301,0.322748748
