gauge_id,p_mean,pet_mean,aridity,p_seasonality,frac_snow,high_prec_freq,high_prec_dur,low_prec_freq,low_prec_dur,elev_mean,slope_mean,area_gages2,geol_permeability,soil_conductivity,soil_depth_pelletier,soil_depth_statsgo,sand_frac,silt_frac,clay_frac,max_water_content,soil_porosity,carbonate_rocks_frac,frac_forest,lai_max,lai_diff,gvf_max,gvf_diff
07328500,2.0941732,4.369833,2.0866628,0.3729468177055467,0.1104562,22.65,1.3187772925764192,271.075,6.271255060728745,500.49,7.5507515000000005,13761.23,-14.69680394257951,1.4683744324400052,16.3827157684401,1.34822853465,32.922453755940396,38.61260134491,20.661241187710036,0.5696476229200055,0.4538567206100012,0.118742623,0.639539344,3.215969887,2.448587614,0.722104301,0.322748748
